STK,EXP,NIFTY,SYMBOL,OI,CHNGOI,OICHNGPER,TTV,IV,LTP,CHNG,PCHNG,TBQ,TSQ,BQ,BP,AQ,AP,SPOT
36500,05-Jan-2023,BANKNIFTY,OPTIDXBANKNIFTY05-01-2023PE36500.00,48819,20774,74.07380994829738,93986,105.6,1.4,-0.3500000000000001,-20.000000000000004,444250,24925,1625,1.35,550,1.45,42559.55
37000,05-Jan-2023,BANKNIFTY,OPTIDXBANKNIFTY05-01-2023CE37000.00,0,0,0.0,0,0.0,0.0,0.0,0.0,3950,3750,250,5553.8,75,5625.05,42559.55
37000,05-Jan-2023,BANKNIFTY,OPTIDXBANKNIFTY05-01-2023PE37000.00,14688,-19749,-57.34820106281035,82260,97.09,1.55,-0.1499999999999999,-8.823529411764701,100250,9550,1100,1.55,1375,1.65,42559.55
37500,05-Jan-2023,BANKNIFTY,OPTIDXBANKNIFTY05-01-2023CE37500.00,0,0,0.0,0,0.0,0.0,0.0,0.0,4000,4625,75,5012.2,25,5122.5,42559.55
37500,05-Jan-2023,BANKNIFTY,OPTIDXBANKNIFTY05-01-2023PE37500.00,6130,-459,-6.966155714068902,38474,89.15,1.45,-0.4499999999999999,-23.684210526315788,91925,8600,475,1.45,1700,1.55,42559.55
38000,05-Jan-2023,BANKNIFTY,OPTIDXBANKNIFTY05-01-2023CE38000.00,16,0,0.0,9,185.38,4820.0,-184.75,-3.6914930815725056,4250,5250,125,4553.5,125,4654.5,42559.55
38000,05-Jan-2023,BANKNIFTY,OPTIDXBANKNIFTY05-01-2023PE38000.00,7101,-1581,-18.21008984105045,53763,80.48,1.5,-0.1999999999999999,-11.764705882352938,116650,6375,1250,1.4,1350,1.5,42559.55
38500,05-Jan-2023,BANKNIFTY,OPTIDXBANKNIFTY05-01-2023CE38500.00,2,1,100.0,5,209.22,4517.15,367.1499999999997,8.84698795180722,4600,5125,75,4030.8,25,4155.4,42559.55
38500,05-Jan-2023,BANKNIFTY,OPTIDXBANKNIFTY05-01-2023PE38500.00,8582,1270,17.36870897155361,39196,72.31,1.45,-0.4499999999999999,-23.684210526315788,80575,5075,150,1.4,625,1.45,42559.55
39000,05-Jan-2023,BANKNIFTY,OPTIDXBANKNIFTY05-01-2023CE39000.00,36,-1,-2.702702702702702,2,99.55,3630.0,-370.0,-9.25,4575,6100,175,3565.5,750,3671.25,42559.55
39000,05-Jan-2023,BANKNIFTY,OPTIDXBANKNIFTY05-01-2023PE39000.00,16975,936,5.835775297711828,70971,63.35,1.3,-0.6499999999999999,-33.33333333333333,140075,19575,2300,1.25,50,1.3,42559.55
39500,05-Jan-2023,BANKNIFTY,OPTIDXBANKNIFTY05-01-2023CE39500.00,18,-1,-5.2631578947368425,10,91.9,3140.0,-510.0,-13.972602739726028,5825,6050,750,3003.1,750,3175.15,42559.55
39500,05-Jan-2023,BANKNIFTY,OPTIDXBANKNIFTY05-01-2023PE39500.00,15036,1200,8.673026886383347,96874,55.05,1.3,-0.55,-29.72972972972973,128375,26200,4650,1.25,4050,1.3,42559.55
39700,05-Jan-2023,BANKNIFTY,OPTIDXBANKNIFTY05-01-2023CE39700.00,0,0,0.0,0,0.0,0.0,0.0,0.0,4875,5700,750,2775.0,750,2977.8,42559.55
39700,05-Jan-2023,BANKNIFTY,OPTIDXBANKNIFTY05-01-2023PE39700.00,1940,517,36.33169360505973,17394,52.23,1.35,-0.5499999999999998,-28.947368421052623,47300,8300,2800,1.3,1050,1.4,42559.55
39800,05-Jan-2023,BANKNIFTY,OPTIDXBANKNIFTY05-01-2023CE39800.00,0,0,0.0,0,0.0,0.0,0.0,0.0,4325,5700,750,2703.25,750,2879.25,42559.55
39800,05-Jan-2023,BANKNIFTY,OPTIDXBANKNIFTY05-01-2023PE39800.00,1200,339,39.37282229965157,21744,50.55,1.25,-0.75,-37.5,41850,8250,400,1.25,1350,1.35,42559.55
39900,05-Jan-2023,BANKNIFTY,OPTIDXBANKNIFTY05-01-2023CE39900.00,0,0,0.0,0,0.0,0.0,0.0,0.0,5700,5700,750,2601.4,750,2779.15,42559.55
39900,05-Jan-2023,BANKNIFTY,OPTIDXBANKNIFTY05-01-2023PE39900.00,1464,167,12.875867386276022,24528,48.88,1.35,-0.6999999999999997,-34.14634146341463,34475,10950,1500,1.3,2575,1.4,42559.55
40000,05-Jan-2023,BANKNIFTY,OPTIDXBANKNIFTY05-01-2023CE40000.00,157,-9,-5.421686746987952,49,79.89,2578.8,-444.1999999999998,-14.694012570294404,7850,8475,350,2584.35,2525,2630.55,42559.55
40000,05-Jan-2023,BANKNIFTY,OPTIDXBANKNIFTY05-01-2023PE40000.00,41053,1955,5.000255767558443,262289,47.2,1.35,-0.75,-35.714285714285715,822425,112125,6900,1.35,49250,1.4,42559.55
40100,05-Jan-2023,BANKNIFTY,OPTIDXBANKNIFTY05-01-2023CE40100.00,6,0,0.0,0,0.0,0.0,0.0,0.0,6225,6875,750,2405.9,750,2562.4,42559.55
40100,05-Jan-2023,BANKNIFTY,OPTIDXBANKNIFTY05-01-2023PE40100.00,1372,88,6.853582554517134,32576,45.52,1.4,-0.75,-34.88372093023256,38900,16425,1300,1.35,50,1.4,42559.55
40200,05-Jan-2023,BANKNIFTY,OPTIDXBANKNIFTY05-01-2023CE40200.00,0,0,0.0,0,0.0,0.0,0.0,0.0,6050,6900,750,2302.45,750,2472.35,42559.55
40200,05-Jan-2023,BANKNIFTY,OPTIDXBANKNIFTY05-01-2023PE40200.00,2125,169,8.640081799591002,41370,43.98,1.45,-0.7,-32.558139534883715,51450,13650,25,1.4,1525,1.45,42559.55
40300,05-Jan-2023,BANKNIFTY,OPTIDXBANKNIFTY05-01-2023CE40300.00,2,0,0.0,0,0.0,0.0,0.0,0.0,5425,7125,300,2248.95,825,2373.3,42559.55
40300,05-Jan-2023,BANKNIFTY,OPTIDXBANKNIFTY05-01-2023PE40300.00,2364,32,1.37221269296741,36501,42.43,1.55,-0.7,-31.11111111111111,52100,12675,1200,1.45,550,1.5,42559.55
40400,05-Jan-2023,BANKNIFTY,OPTIDXBANKNIFTY05-01-2023CE40400.00,3,0,0.0,0,0.0,0.0,0.0,0.0,6600,6925,300,2149.3,750,2266.3,42559.55
40400,05-Jan-2023,BANKNIFTY,OPTIDXBANKNIFTY05-01-2023PE40400.00,2848,436,18.076285240464344,40688,40.61,1.55,-0.6500000000000001,-29.545454545454547,45950,16150,800,1.5,225,1.55,42559.55
40500,05-Jan-2023,BANKNIFTY,OPTIDXBANKNIFTY05-01-2023CE40500.00,111,-4,-3.4782608695652173,20,63.58,2130.0,-317.75,-12.981309365744051,14775,10525,2325,2055.75,25,2116.1,42559.55
40500,05-Jan-2023,BANKNIFTY,OPTIDXBANKNIFTY05-01-2023PE40500.00,50390,14751,41.39005022587615,261571,39.16,1.65,-0.8000000000000003,-32.653061224489804,924875,42375,2500,1.65,2500,1.7,42559.55
40600,05-Jan-2023,BANKNIFTY,OPTIDXBANKNIFTY05-01-2023CE40600.00,2,0,0.0,0,0.0,0.0,0.0,0.0,7800,6775,300,1918.35,800,2056.8,42559.55
40600,05-Jan-2023,BANKNIFTY,OPTIDXBANKNIFTY05-01-2023PE40600.00,5150,3023,142.12505876821814,61901,37.45,1.7,-0.7,-29.166666666666668,50300,14400,1825,1.65,3325,1.75,42559.55
40700,05-Jan-2023,BANKNIFTY,OPTIDXBANKNIFTY05-01-2023CE40700.00,3,0,0.0,2,138.08,2374.95,-355.4000000000001,-13.016646217517906,32900,6500,50,1819.0,225,1961.5,42559.55
40700,05-Jan-2023,BANKNIFTY,OPTIDXBANKNIFTY05-01-2023PE40700.00,6085,2931,92.9296131896005,67733,35.86,1.7,-0.8499999999999999,-33.33333333333333,53075,14200,1450,1.7,1850,1.75,42559.55
40800,05-Jan-2023,BANKNIFTY,OPTIDXBANKNIFTY05-01-2023CE40800.00,14,0,0.0,0,0.0,0.0,0.0,0.0,34100,7825,300,1742.0,100,1808.75,42559.55
40800,05-Jan-2023,BANKNIFTY,OPTIDXBANKNIFTY05-01-2023PE40800.00,29671,23112,352.3707882299131,135829,34.35,1.9,-0.75,-28.30188679245283,83550,20100,3100,1.85,2525,1.9,42559.55
40900,05-Jan-2023,BANKNIFTY,OPTIDXBANKNIFTY05-01-2023CE40900.00,26,-3,-10.344827586206897,24,71.36,1801.0,-276.5,-13.309265944645007,33725,7450,50,1655.05,25,1729.75,42559.55
40900,05-Jan-2023,BANKNIFTY,OPTIDXBANKNIFTY05-01-2023PE40900.00,9556,4266,80.64272211720227,82168,32.52,1.9,-0.9500000000000002,-33.333333333333336,65375,18225,1700,1.85,1950,1.9,42559.55
41000,05-Jan-2023,BANKNIFTY,OPTIDXBANKNIFTY05-01-2023CE41000.00,1160,-175,-13.108614232209735,411,0.0,1591.0,-406.9500000000001,-20.368377587026703,70325,11425,25,1556.15,75,1611.4,42559.55
41000,05-Jan-2023,BANKNIFTY,OPTIDXBANKNIFTY05-01-2023PE41000.00,121335,31070,34.42087187725032,682282,31.07,2.05,-1.1500000000000004,-35.937500000000014,492250,75375,10900,2.0,9925,2.05,42559.55
41100,05-Jan-2023,BANKNIFTY,OPTIDXBANKNIFTY05-01-2023CE41100.00,53,0,0.0,2,123.12,1981.1,-77.20000000000027,-3.750668027012596,25325,10050,50,1470.25,1725,1510.75,42559.55
41100,05-Jan-2023,BANKNIFTY,OPTIDXBANKNIFTY05-01-2023PE41100.00,8648,3212,59.08756438557763,111615,29.4,2.05,-1.3000000000000005,-38.80597014925374,55300,22750,2375,2.05,1600,2.1,42559.55
41200,05-Jan-2023,BANKNIFTY,OPTIDXBANKNIFTY05-01-2023CE41200.00,101,0,0.0,2,49.96,1375.0,-412.3,-23.068315335981644,19950,12000,2075,1356.3,2100,1419.3,42559.55
41200,05-Jan-2023,BANKNIFTY,OPTIDXBANKNIFTY05-01-2023PE41200.00,25186,8752,53.255446026530365,155127,27.88,2.25,-1.35,-37.5,44950,36725,2775,2.2,1050,2.25,42559.55
41300,05-Jan-2023,BANKNIFTY,OPTIDXBANKNIFTY05-01-2023CE41300.00,67,-8,-10.666666666666666,18,41.47,1306.4,-627.3999999999999,-32.443892853449164,26425,10525,1950,1265.1,1500,1306.35,42559.55
41300,05-Jan-2023,BANKNIFTY,OPTIDXBANKNIFTY05-01-2023PE41300.00,17455,4203,31.715967401147,165265,26.1,2.4,-1.4500000000000002,-37.66233766233766,168500,24075,75,2.4,2950,2.45,42559.55
41400,05-Jan-2023,BANKNIFTY,OPTIDXBANKNIFTY05-01-2023CE41400.00,125,-2,-1.5748031496062993,88,41.77,1232.95,-357.04999999999995,-22.455974842767294,27700,11725,75,1190.15,75,1195.6,42559.55
41400,05-Jan-2023,BANKNIFTY,OPTIDXBANKNIFTY05-01-2023PE41400.00,18324,8313,83.03865747677554,178969,24.51,2.6,-1.5500000000000005,-37.34939759036145,258875,29100,1975,2.55,1125,2.6,42559.55
41500,05-Jan-2023,BANKNIFTY,OPTIDXBANKNIFTY05-01-2023CE41500.00,1050,-147,-12.280701754385966,1271,27.06,1092.25,-412.1500000000001,-27.396304174421697,31800,13875,100,1090.45,100,1094.05,42559.55
41500,05-Jan-2023,BANKNIFTY,OPTIDXBANKNIFTY05-01-2023PE41500.00,165466,85720,107.49128482933314,1040790,22.94,2.85,-1.8000000000000005,-38.70967741935484,2287175,108500,625,2.85,9050,2.9,42559.55
41600,05-Jan-2023,BANKNIFTY,OPTIDXBANKNIFTY05-01-2023CE41600.00,392,21,5.660377358490566,142,41.06,988.15,-407.5000000000001,-29.19786479418193,109000,17425,25,990.35,50,995.05,42559.55
41600,05-Jan-2023,BANKNIFTY,OPTIDXBANKNIFTY05-01-2023PE41600.00,36347,22474,161.99812585597925,376569,21.47,3.1,-2.0500000000000003,-39.80582524271845,208050,46725,3600,3.1,1150,3.15,42559.55
41700,05-Jan-2023,BANKNIFTY,OPTIDXBANKNIFTY05-01-2023CE41700.00,472,5,1.0706638115631693,1050,23.47,895.0,-414.5999999999999,-31.658521686010992,31600,23450,125,891.9,100,894.25,42559.55
41700,05-Jan-2023,BANKNIFTY,OPTIDXBANKNIFTY05-01-2023PE41700.00,51013,30068,143.55693482931488,447983,20.22,3.8,-2.0,-34.48275862068966,187025,47875,525,3.75,3250,3.8,42559.55
41800,05-Jan-2023,BANKNIFTY,OPTIDXBANKNIFTY05-01-2023CE41800.00,610,114,22.983870967741936,1301,20.92,797.45,-410.3999999999999,-33.97772902264353,94750,19775,125,794.1,25,796.1,42559.55
41800,05-Jan-2023,BANKNIFTY,OPTIDXBANKNIFTY05-01-2023PE41800.00,85336,56435,195.27005985952044,732136,18.92,4.65,-2.4499999999999997,-34.50704225352112,481550,76275,3325,4.6,325,4.65,42559.55
41900,05-Jan-2023,BANKNIFTY,OPTIDXBANKNIFTY05-01-2023CE41900.00,520,-33,-5.967450271247739,2801,19.99,695.5,-412.6500000000001,-37.23773857329785,89975,20950,25,694.6,25,696.65,42559.55
41900,05-Jan-2023,BANKNIFTY,OPTIDXBANKNIFTY05-01-2023PE41900.00,61857,36903,147.88410675643183,700923,17.68,6.0,-2.4499999999999997,-28.99408284023668,569750,105400,1050,5.95,2425,6.05,42559.55
42000,05-Jan-2023,BANKNIFTY,OPTIDXBANKNIFTY05-01-2023CE42000.00,7874,3397,75.87670314943043,38352,18.26,600.0,-409.85,-40.585235431004605,396025,43900,175,598.85,50,600.45,42559.55
42000,05-Jan-2023,BANKNIFTY,OPTIDXBANKNIFTY05-01-2023PE42000.00,176942,67516,61.70014438981595,2668891,16.51,8.0,-2.5,-23.809523809523807,3089350,583325,6975,8.0,1425,8.05,42559.55
42100,05-Jan-2023,BANKNIFTY,OPTIDXBANKNIFTY05-01-2023CE42100.00,2454,1976,413.38912133891216,14651,16.01,498.15,-416.15,-45.51569506726457,212650,25475,25,499.85,50,501.35,42559.55
42100,05-Jan-2023,BANKNIFTY,OPTIDXBANKNIFTY05-01-2023PE42100.00,74376,36302,95.34590534222828,1325186,15.23,10.9,-2.35,-17.73584905660377,963525,168450,25,10.9,25,10.95,42559.55
42200,05-Jan-2023,BANKNIFTY,OPTIDXBANKNIFTY05-01-2023CE42200.00,3270,1762,116.84350132625995,30913,15.56,407.7,-404.25000000000006,-49.78754849436542,121825,28300,100,407.1,175,408.15,42559.55
42200,05-Jan-2023,BANKNIFTY,OPTIDXBANKNIFTY05-01-2023PE42200.00,92370,55562,150.95088024342533,2375215,14.2,16.2,-0.6000000000000014,-3.57142857142858,1230975,291000,475,16.15,1750,16.25,42559.55
42300,05-Jan-2023,BANKNIFTY,OPTIDXBANKNIFTY05-01-2023CE42300.00,7535,6390,558.0786026200873,97219,14.44,316.0,-403.25,-56.06534584636774,126350,56275,25,315.95,25,316.75,42559.55
42300,05-Jan-2023,BANKNIFTY,OPTIDXBANKNIFTY05-01-2023PE42300.00,124566,83633,204.3168103974788,3231494,13.44,26.65,5.049999999999997,23.379629629629616,1565600,396025,725,26.6,25,26.65,42559.55
42400,05-Jan-2023,BANKNIFTY,OPTIDXBANKNIFTY05-01-2023CE42400.00,14052,13187,1524.5086705202311,200763,13.47,235.0,-394.7000000000001,-62.68064157535335,334425,83900,25,234.65,100,235.35,42559.55
42400,05-Jan-2023,BANKNIFTY,OPTIDXBANKNIFTY05-01-2023PE42400.00,140588,95596,212.47332859174963,3975711,12.87,44.2,15.500000000000004,54.006968641115,2209125,484775,200,44.15,225,44.3,42559.55
42500,05-Jan-2023,BANKNIFTY,OPTIDXBANKNIFTY05-01-2023CE42500.00,64238,55727,654.7644225120432,1028852,12.94,162.15,-373.35,-69.71988795518207,2095850,351900,25,161.75,100,162.25,42559.55
42500,05-Jan-2023,BANKNIFTY,OPTIDXBANKNIFTY05-01-2023PE42500.00,235617,131359,125.99416831322296,7189174,12.33,72.65,33.7,86.5211810012837,5550225,961700,100,72.5,100,72.6,42559.55
42600,05-Jan-2023,BANKNIFTY,OPTIDXBANKNIFTY05-01-2023CE42600.00,136430,132874,3736.6141732283454,1706573,12.46,101.9,-351.0,-77.50055199823362,1753025,517400,125,101.65,150,101.9,42559.55
42600,05-Jan-2023,BANKNIFTY,OPTIDXBANKNIFTY05-01-2023PE42600.00,169803,124115,271.6577657152863,5744612,11.88,111.6,58.24999999999999,109.18462980318648,2986675,683775,75,111.6,200,111.85,42559.55
42700,05-Jan-2023,BANKNIFTY,OPTIDXBANKNIFTY05-01-2023CE42700.00,175924,171097,3544.582556453284,2898845,12.47,61.2,-311.35,-83.5726748087505,2082650,775200,100,61.1,200,61.25,42559.55
42700,05-Jan-2023,BANKNIFTY,OPTIDXBANKNIFTY05-01-2023PE42700.00,113726,70102,160.69594718503575,5636110,11.78,171.6,98.15,133.62831858407077,3138525,432575,25,171.75,275,172.2,42559.55
42800,05-Jan-2023,BANKNIFTY,OPTIDXBANKNIFTY05-01-2023CE42800.00,247708,234443,1767.3803241613268,4491964,12.98,37.95,-261.40000000000003,-87.32253215299816,2474250,1037175,325,37.9,150,38.0,42559.55
42800,05-Jan-2023,BANKNIFTY,OPTIDXBANKNIFTY05-01-2023PE42800.00,73542,14512,24.584109774690837,5687377,12.32,248.4,147.35000000000002,145.81890153389415,3785250,215175,200,247.55,100,248.2,42559.55
42900,05-Jan-2023,BANKNIFTY,OPTIDXBANKNIFTY05-01-2023CE42900.00,176625,143747,437.2133341444127,3940848,13.84,24.75,-209.85,-89.45012787723785,2366150,714675,325,24.65,425,24.75,42559.55
42900,05-Jan-2023,BANKNIFTY,OPTIDXBANKNIFTY05-01-2023PE42900.00,38237,-15751,-29.175001852263467,3508042,12.57,334.65,197.15,143.38181818181818,2036125,93750,100,334.9,150,335.6,42559.55
43000,05-Jan-2023,BANKNIFTY,OPTIDXBANKNIFTY05-01-2023CE43000.00,364236,199588,121.22102910451387,6885631,15.11,18.15,-162.75,-89.96683250414593,5089575,1857225,1075,18.15,200,18.2,42559.55
43000,05-Jan-2023,BANKNIFTY,OPTIDXBANKNIFTY05-01-2023PE43000.00,74021,-63476,-46.16537088081922,4317314,13.91,428.15,244.7,133.38784409920962,3019500,138850,25,427.15,125,427.95,42559.55
43100,05-Jan-2023,BANKNIFTY,OPTIDXBANKNIFTY05-01-2023CE43100.00,208376,132075,173.0973381738116,4343203,16.5,14.1,-124.0,-89.79000724112962,2856275,736350,350,14.05,875,14.1,42559.55
43100,05-Jan-2023,BANKNIFTY,OPTIDXBANKNIFTY05-01-2023PE43100.00,21036,-11914,-36.15781487101669,1712094,14.85,522.7,281.70000000000005,116.88796680497929,1202125,40450,100,523.8,150,525.15,42559.55
43200,05-Jan-2023,BANKNIFTY,OPTIDXBANKNIFTY05-01-2023CE43200.00,216364,106981,97.8040463326111,3861760,17.97,11.6,-93.35,-88.94711767508338,3256425,970575,1775,11.6,725,11.65,42559.55
43200,05-Jan-2023,BANKNIFTY,OPTIDXBANKNIFTY05-01-2023PE43200.00,15340,-12102,-44.10028423584287,981444,16.59,622.0,313.5,101.62074554294976,901000,40950,25,620.5,25,622.2,42559.55
43300,05-Jan-2023,BANKNIFTY,OPTIDXBANKNIFTY05-01-2023CE43300.00,215717,65454,43.55962545669925,3334303,19.4,9.9,-68.85,-87.42857142857142,3589650,878800,10900,9.9,925,10.0,42559.55
43300,05-Jan-2023,BANKNIFTY,OPTIDXBANKNIFTY05-01-2023PE43300.00,14034,-9151,-39.46948458054777,515641,16.16,724.7,343.1,89.91090146750524,379100,30175,100,719.5,125,721.4,42559.55
43400,05-Jan-2023,BANKNIFTY,OPTIDXBANKNIFTY05-01-2023CE43400.00,172893,31614,22.37699870469072,2573088,20.95,8.85,-49.35,-84.79381443298969,3170975,832650,1825,8.8,1100,8.85,42559.55
43400,05-Jan-2023,BANKNIFTY,OPTIDXBANKNIFTY05-01-2023PE43400.00,9287,-6873,-42.53094059405941,245085,16.0,820.85,359.35,77.86565547128927,489375,32475,200,816.1,275,818.7,42559.55
43500,05-Jan-2023,BANKNIFTY,OPTIDXBANKNIFTY05-01-2023CE43500.00,325908,56462,20.954848095722333,3813571,22.57,8.1,-34.55,-81.00820633059789,5701125,1308650,150,8.05,12375,8.1,42559.55
43500,05-Jan-2023,BANKNIFTY,OPTIDXBANKNIFTY05-01-2023PE43500.00,12568,-7585,-37.63707636580162,254092,20.22,920.0,374.05,68.51360014653355,692275,25425,25,917.55,125,920.5,42559.55
43600,05-Jan-2023,BANKNIFTY,OPTIDXBANKNIFTY05-01-2023CE43600.00,132782,7945,6.364299045955926,2056638,24.17,7.45,-23.2,-75.69331158238172,2359550,519200,1625,7.4,9950,7.45,42559.55
43600,05-Jan-2023,BANKNIFTY,OPTIDXBANKNIFTY05-01-2023PE43600.00,6244,-1885,-23.188584081682865,31175,27.83,1019.95,388.30000000000007,61.47391751761262,201025,18250,50,1014.6,125,1016.4,42559.55
43700,05-Jan-2023,BANKNIFTY,OPTIDXBANKNIFTY05-01-2023CE43700.00,112404,-10133,-8.269339056774689,1733462,25.84,7.05,-15.15,-68.24324324324323,1937825,285650,8125,7.0,100,7.05,42559.55
43700,05-Jan-2023,BANKNIFTY,OPTIDXBANKNIFTY05-01-2023PE43700.00,4626,-4469,-49.1368884002199,26143,29.5,1113.85,390.19999999999993,53.92109445173771,146975,13800,25,1116.35,50,1120.25,42559.55
43800,05-Jan-2023,BANKNIFTY,OPTIDXBANKNIFTY05-01-2023CE43800.00,122466,-7395,-5.69455032688798,1586506,27.52,6.7,-9.95,-59.75975975975976,1535875,220150,6250,6.7,400,6.75,42559.55
43800,05-Jan-2023,BANKNIFTY,OPTIDXBANKNIFTY05-01-2023PE43800.00,6822,-1912,-21.891458667277305,12862,26.01,1228.15,414.35000000000014,50.91545834357338,92225,15350,25,1214.85,50,1217.85,42559.55
43900,05-Jan-2023,BANKNIFTY,OPTIDXBANKNIFTY05-01-2023CE43900.00,54443,-5089,-8.548343747900288,927110,29.19,6.3,-6.55,-50.97276264591439,629375,140225,5700,6.3,500,6.35,42559.55
43900,05-Jan-2023,BANKNIFTY,OPTIDXBANKNIFTY05-01-2023PE43900.00,2167,-226,-9.444212285833682,2941,25.36,1312.2,402.6,44.26121372031663,26575,13650,25,1315.05,100,1320.25,42559.55
44000,05-Jan-2023,BANKNIFTY,OPTIDXBANKNIFTY05-01-2023CE44000.00,235285,79980,51.498663919384434,1921715,30.81,6.2,-4.6000000000000005,-42.5925925925926,3580625,318550,16975,6.15,3725,6.2,42559.55
44000,05-Jan-2023,BANKNIFTY,OPTIDXBANKNIFTY05-01-2023PE44000.00,2308,-724,-23.87862796833773,9880,0.0,1418.3,411.3,40.84409136047666,158950,19425,50,1411.95,50,1416.15,42559.55
44100,05-Jan-2023,BANKNIFTY,OPTIDXBANKNIFTY05-01-2023CE44100.00,59102,17722,42.82745287578541,633889,32.43,5.95,-3.05,-33.888888888888886,371650,45475,5000,5.9,6650,6.0,42559.55
44100,05-Jan-2023,BANKNIFTY,OPTIDXBANKNIFTY05-01-2023PE44100.00,1449,-8,-0.5490734385724091,686,0.0,1512.4,406.9500000000001,36.81306255371116,27250,11100,125,1511.4,25,1517.4,42559.55
44200,05-Jan-2023,BANKNIFTY,OPTIDXBANKNIFTY05-01-2023CE44200.00,83566,10415,14.237672759087369,607709,34.12,5.75,-2.35,-29.01234567901234,393525,61050,4975,5.75,550,5.8,42559.55
44200,05-Jan-2023,BANKNIFTY,OPTIDXBANKNIFTY05-01-2023PE44200.00,1573,-78,-4.724409448818897,587,46.79,1592.5,387.8499999999999,32.19607354833353,89050,11275,100,1603.05,50,1622.8,42559.55
44300,05-Jan-2023,BANKNIFTY,OPTIDXBANKNIFTY05-01-2023CE44300.00,50497,5083,11.192583784735984,532541,35.67,5.45,-1.75,-24.305555555555557,247650,40450,4625,5.45,800,5.5,42559.55
44300,05-Jan-2023,BANKNIFTY,OPTIDXBANKNIFTY05-01-2023PE44300.00,305,-29,-8.682634730538922,111,0.0,1682.85,380.05,29.171783850168865,24850,10425,25,1711.7,150,1720.2,42559.55
44400,05-Jan-2023,BANKNIFTY,OPTIDXBANKNIFTY05-01-2023CE44400.00,46138,22533,95.4585892819318,412939,37.3,5.35,-1.2000000000000002,-18.320610687022903,230100,38775,8400,5.35,7025,5.45,42559.55
44400,05-Jan-2023,BANKNIFTY,OPTIDXBANKNIFTY05-01-2023PE44400.00,380,-13,-3.307888040712468,35,0.0,1782.0,375.3499999999999,26.6839654498276,86500,10925,25,1801.5,1925,1848.3,42559.55
44500,05-Jan-2023,BANKNIFTY,OPTIDXBANKNIFTY05-01-2023CE44500.00,215134,111378,107.34608119048536,1391335,38.85,5.15,-0.9499999999999992,-15.573770491803268,2948700,90325,1075,5.15,8400,5.2,42559.55
44500,05-Jan-2023,BANKNIFTY,OPTIDXBANKNIFTY05-01-2023PE44500.00,730,-137,-15.80161476355248,746,40.75,1920.0,413.7000000000001,27.464648476399127,330625,10800,25,1911.85,175,1917.85,42559.55
44600,05-Jan-2023,BANKNIFTY,OPTIDXBANKNIFTY05-01-2023CE44600.00,27016,636,2.4109173616376043,325518,40.31,4.95,-0.75,-13.157894736842104,219075,27100,2525,4.9,3650,5.0,42559.55
44600,05-Jan-2023,BANKNIFTY,OPTIDXBANKNIFTY05-01-2023PE44600.00,33,3,10.0,13,0.0,1914.7,491.6500000000001,34.54903200871369,21225,9850,25,2012.6,275,2054.7,42559.55
44700,05-Jan-2023,BANKNIFTY,OPTIDXBANKNIFTY05-01-2023CE44700.00,24700,1159,4.923325262308313,266670,41.8,4.75,-0.6500000000000004,-12.037037037037043,101400,32600,1275,4.75,1950,4.8,42559.55
44700,05-Jan-2023,BANKNIFTY,OPTIDXBANKNIFTY05-01-2023PE44700.00,20,-1,-4.761904761904762,10,0.0,1901.65,269.0,16.476280893026672,21600,11175,25,2111.4,125,2119.9,42559.55
44800,05-Jan-2023,BANKNIFTY,OPTIDXBANKNIFTY05-01-2023CE44800.00,41125,18458,81.43115542418494,342309,43.33,4.6,-0.4000000000000003,-8.000000000000007,116100,32325,2575,4.6,1350,4.65,42559.55
44800,05-Jan-2023,BANKNIFTY,OPTIDXBANKNIFTY05-01-2023PE44800.00,8,2,33.333333333333336,12,0.0,1866.55,313.79999999999995,20.209306069876025,22300,8650,300,2198.15,300,2258.9,42559.55
44900,05-Jan-2023,BANKNIFTY,OPTIDXBANKNIFTY05-01-2023CE44900.00,26875,15534,136.97204832025395,184880,44.76,4.4,-0.5,-10.20408163265306,52900,19075,1350,4.4,750,4.45,42559.55
44900,05-Jan-2023,BANKNIFTY,OPTIDXBANKNIFTY05-01-2023PE44900.00,3,1,50.0,6,0.0,2076.25,-41.34999999999991,-1.9526822818284808,29600,6275,25,2292.0,25,2356.45,42559.55
45000,05-Jan-2023,BANKNIFTY,OPTIDXBANKNIFTY05-01-2023CE45000.00,204177,48021,30.751940367324984,1153070,46.32,4.3,-0.5499999999999998,-11.340206185567007,713775,72300,6125,4.3,7525,4.35,42559.55
45000,05-Jan-2023,BANKNIFTY,OPTIDXBANKNIFTY05-01-2023PE45000.00,425,-37,-8.008658008658008,159,0.0,2405.6,402.8499999999999,20.114842092123325,401000,12225,50,2393.55,50,2428.6,42559.55
45100,05-Jan-2023,BANKNIFTY,OPTIDXBANKNIFTY05-01-2023CE45100.00,10821,2722,33.60908754167181,100519,47.71,4.25,-0.3499999999999996,-7.608695652173907,57775,16350,875,4.2,400,4.25,42559.55
45100,05-Jan-2023,BANKNIFTY,OPTIDXBANKNIFTY05-01-2023PE45100.00,3,0,0.0,0,0.0,0.0,0.0,0.0,27625,4075,750,2416.15,750,2598.85,42559.55
45200,05-Jan-2023,BANKNIFTY,OPTIDXBANKNIFTY05-01-2023CE45200.00,12473,1856,17.48139775831214,112126,49.07,4.05,-0.3500000000000005,-7.954545454545466,55350,17275,2150,4.0,125,4.05,42559.55
45200,05-Jan-2023,BANKNIFTY,OPTIDXBANKNIFTY05-01-2023PE45200.00,5,1,25.0,2,0.0,2324.85,624.8499999999999,36.75588235294117,51325,5150,750,2534.6,25,2675.55,42559.55
45300,05-Jan-2023,BANKNIFTY,OPTIDXBANKNIFTY05-01-2023CE45300.00,8891,-411,-4.418404644162545,88878,50.56,4.0,-0.3499999999999996,-8.045977011494246,52400,18600,1225,3.95,1500,4.0,42559.55
45300,05-Jan-2023,BANKNIFTY,OPTIDXBANKNIFTY05-01-2023PE45300.00,11,0,0.0,2,0.0,2213.8,245.05000000000015,12.446984126984136,5100,5250,150,2650.55,50,2796.55,42559.55
45400,05-Jan-2023,BANKNIFTY,OPTIDXBANKNIFTY05-01-2023CE45400.00,15656,8729,126.014147538617,96424,51.88,3.8,-0.4500000000000002,-10.58823529411765,49900,16500,3675,3.75,1900,3.85,42559.55
45400,05-Jan-2023,BANKNIFTY,OPTIDXBANKNIFTY05-01-2023PE45400.00,0,0,0.0,0,0.0,0.0,0.0,0.0,5700,5700,750,2725.55,750,2902.35,42559.55
45500,05-Jan-2023,BANKNIFTY,OPTIDXBANKNIFTY05-01-2023CE45500.00,68506,-16667,-19.568407828772028,459005,53.34,3.7,-0.75,-16.853932584269664,838700,35800,9225,3.7,9475,3.8,42559.55
45500,05-Jan-2023,BANKNIFTY,OPTIDXBANKNIFTY05-01-2023PE45500.00,54,0,0.0,7,0.0,2679.95,239.39999999999964,9.809264305177097,9975,10525,25,2886.55,2025,2931.85,42559.55
45600,05-Jan-2023,BANKNIFTY,OPTIDXBANKNIFTY05-01-2023CE45600.00,8884,3565,67.02387666854672,56783,54.7,3.65,-0.5000000000000004,-12.048192771084349,51050,9525,2575,3.55,1050,3.65,42559.55
45600,05-Jan-2023,BANKNIFTY,OPTIDXBANKNIFTY05-01-2023PE45600.00,0,0,0.0,0,0.0,0.0,0.0,0.0,4800,4800,750,2932.5,750,3100.05,42559.55
45700,05-Jan-2023,BANKNIFTY,OPTIDXBANKNIFTY05-01-2023CE45700.00,8020,4799,148.99099658491153,51040,55.84,3.6,-0.4999999999999995,-12.195121951219502,44700,7550,575,3.5,350,3.6,42559.55
45700,05-Jan-2023,BANKNIFTY,OPTIDXBANKNIFTY05-01-2023PE45700.00,0,0,0.0,0,0.0,0.0,0.0,0.0,4800,4800,750,3028.2,750,3215.55,42559.55
45800,05-Jan-2023,BANKNIFTY,OPTIDXBANKNIFTY05-01-2023CE45800.00,6016,1093,22.20190940483445,42906,57.75,3.7,-0.2999999999999998,-7.499999999999996,51600,8250,2225,3.6,450,3.7,42559.55
45800,05-Jan-2023,BANKNIFTY,OPTIDXBANKNIFTY05-01-2023PE45800.00,0,0,0.0,0,0.0,0.0,0.0,0.0,4800,4800,750,3119.0,750,3339.15,42559.55
45900,05-Jan-2023,BANKNIFTY,OPTIDXBANKNIFTY05-01-2023CE45900.00,7636,-113,-1.458252677764873,35787,58.96,3.55,-0.4000000000000003,-10.12658227848102,47350,8025,100,3.5,625,3.55,42559.55
45900,05-Jan-2023,BANKNIFTY,OPTIDXBANKNIFTY05-01-2023PE45900.00,0,0,0.0,0,0.0,0.0,0.0,0.0,4800,4800,750,3219.8,750,3433.75,42559.55
46000,05-Jan-2023,BANKNIFTY,OPTIDXBANKNIFTY05-01-2023CE46000.00,118631,-10153,-7.88374332215182,369411,60.97,3.75,-0.5,-11.76470588235294,980125,28775,4350,3.75,2875,3.8,42559.55
46000,05-Jan-2023,BANKNIFTY,OPTIDXBANKNIFTY05-01-2023PE46000.00,43,-7,-14.0,26,0.0,2850.0,32.65000000000009,1.1588904466963668,6425,5700,1850,3352.45,225,3475.25,42559.55
46500,05-Jan-2023,BANKNIFTY,OPTIDXBANKNIFTY05-01-2023CE46500.00,26633,-4897,-15.531240088804314,113372,67.27,3.3,-0.5500000000000003,-14.285714285714294,94825,13775,1550,3.25,3425,3.35,42559.55
46500,05-Jan-2023,BANKNIFTY,OPTIDXBANKNIFTY05-01-2023PE46500.00,5,0,0.0,0,0.0,0.0,0.0,0.0,5600,4850,750,3832.95,125,3934.45,42559.55
47000,05-Jan-2023,BANKNIFTY,OPTIDXBANKNIFTY05-01-2023CE47000.00,43459,-2416,-5.266485013623978,107516,74.31,3.2,-0.6999999999999997,-17.948717948717942,102625,10175,900,3.2,925,3.25,42559.55
47000,05-Jan-2023,BANKNIFTY,OPTIDXBANKNIFTY05-01-2023PE47000.00,5,0,0.0,0,0.0,0.0,0.0,0.0,5800,4925,750,4334.75,75,4464.05,42559.55
47500,05-Jan-2023,BANKNIFTY,OPTIDXBANKNIFTY05-01-2023CE47500.00,28446,921,3.346049046321526,50443,81.03,3.1,-0.6000000000000001,-16.216216216216218,115675,10625,1200,3.1,1600,3.2,42559.55
47500,05-Jan-2023,BANKNIFTY,OPTIDXBANKNIFTY05-01-2023PE47500.00,0,0,0.0,0,0.0,0.0,0.0,0.0,4500,4700,125,4896.25,125,4953.2,42559.55
48000,05-Jan-2023,BANKNIFTY,OPTIDXBANKNIFTY05-01-2023CE48000.00,23710,-530,-2.1864686468646863,58602,87.07,2.85,-0.6499999999999999,-18.57142857142857,166550,15975,25,2.85,1875,2.95,42559.55
48000,05-Jan-2023,BANKNIFTY,OPTIDXBANKNIFTY05-01-2023PE48000.00,0,0,0.0,0,0.0,0.0,0.0,0.0,3150,5225,50,5375.2,750,5498.0,42559.55
48500,05-Jan-2023,BANKNIFTY,OPTIDXBANKNIFTY05-01-2023CE48500.00,10172,-1887,-15.648063686872876,28093,92.84,2.55,-0.5500000000000003,-17.74193548387098,359825,8625,750,2.5,1225,2.6,42559.55
48500,05-Jan-2023,BANKNIFTY,OPTIDXBANKNIFTY05-01-2023PE48500.00,0,0,0.0,0,0.0,0.0,0.0,0.0,4325,3425,75,5830.5,125,5980.05,42559.55
49000,05-Jan-2023,BANKNIFTY,OPTIDXBANKNIFTY05-01-2023CE49000.00,69701,-10006,-12.553477109915065,120221,98.93,2.55,-0.4000000000000003,-13.559322033898315,674850,33375,1550,2.5,175,2.55,42559.55
49000,05-Jan-2023,BANKNIFTY,OPTIDXBANKNIFTY05-01-2023PE49000.00,0,0,0.0,0,0.0,0.0,0.0,0.0,3950,3525,75,6336.25,350,6478.85,42559.55
